{
  "United States": {
    "California": ["Los Angeles", "San Francisco", "San Diego", "Sacramento", "San Jose", "Fresno", "Long Beach", "Oakland"],
    "Texas": ["Houston", "Dallas", "Austin", "San Antonio", "Fort Worth", "El Paso", "Arlington"],
    "Florida": ["Miami", "Orlando", "Tampa", "Jacksonville", "Tallahassee", "St. Petersburg"],
    "New York": ["New York City", "Buffalo", "Rochester", "Albany", "Syracuse"],
    "Pennsylvania": ["Philadelphia", "Pittsburgh", "Allentown", "Erie", "Harrisburg"],
    "Illinois": ["Chicago", "Aurora", "Naperville", "Joliet", "Rockford"],
    "Ohio": ["Columbus", "Cleveland", "Cincinnati", "Toledo", "Akron"],
    "Georgia": ["Atlanta", "Augusta", "Columbus", "Savannah", "Athens"],
    "North Carolina": ["Charlotte", "Raleigh", "Greensboro", "Durham", "Winston-Salem"],
    "Michigan": ["Detroit", "Grand Rapids", "Warren", "Sterling Heights", "Lansing"]
  },
  "India": {
    "Andhra Pradesh": ["Visakhapatnam", "Vijayawada", "Guntur", "Nellore", "Kurnool"],
    "Arunachal Pradesh": ["Itanagar", "Tawang", "Naharlagun", "Pasighat"],
    "Assam": ["Guwahati", "Silchar", "Dibrugarh", "Jorhat", "Nagaon"],
    "Bihar": ["Patna", "Gaya", "Bhagalpur", "Muzaffarpur", "Purnia"],
    "Chhattisgarh": ["Raipur", "Bhilai", "Bilaspur", "Korba", "Durg"],
    "Goa": ["Panaji", "Margao", "Vasco da Gama", "Mapusa"],
    "Gujarat": ["Ahmedabad", "Surat", "Vadodara", "Rajkot", "Gandhinagar"],
    "Haryana": ["Faridabad", "Gurugram", "Panipat", "Ambala", "Rohtak"],
    "Himachal Pradesh": ["Shimla", "Manali", "Dharamshala", "Mandi", "Solan"],
    "Jharkhand": ["Ranchi", "Jamshedpur", "Dhanbad", "Bokaro", "Deoghar"],
    "Karnataka": ["Bengaluru", "Mysuru", "Mangalore", "Hubli", "Belagavi"],
    "Kerala": ["Thiruvananthapuram", "Kochi", "Kozhikode", "Thrissur", "Kollam"],
    "Madhya Pradesh": ["Indore", "Bhopal", "Jabalpur", "Gwalior", "Ujjain"],
    "Maharashtra": ["Mumbai", "Pune", "Nagpur", "Nashik", "Aurangabad", "Thane"],
    "Manipur": ["Imphal", "Churachandpur", "Thoubal", "Kakching"],
    "Meghalaya": ["Shillong", "Tura", "Nongstoin", "Jowai"],
    "Mizoram": ["Aizawl", "Lunglei", "Champhai", "Serchhip"],
    "Nagaland": ["Kohima", "Dimapur", "Mokokchung", "Tuensang"],
    "Odisha": ["Bhubaneswar", "Cuttack", "Rourkela", "Berhampur", "Sambalpur"],
    "Punjab": ["Ludhiana", "Amritsar", "Jalandhar", "Patiala", "Bathinda"],
    "Rajasthan": ["Jaipur", "Jodhpur", "Udaipur", "Kota", "Bikaner"],
    "Sikkim": ["Gangtok", "Namchi", "Pelling", "Geyzing"],
    "Tamil Nadu": ["Chennai", "Coimbatore", "Madurai", "Tiruchirappalli", "Salem"],
    "Telangana": ["Hyderabad", "Warangal", "Nizamabad", "Karimnagar", "Khammam"],
    "Tripura": ["Agartala", "Udaipur", "Dharmanagar", "Kailashahar"],
    "Uttar Pradesh": ["Lucknow", "Kanpur", "Prayagraj", "Varanasi", "Gorakhpur"],
    "Uttarakhand": ["Dehradun", "Haridwar", "Roorkee", "Haldwani", "Rishikesh"],
    "West Bengal": ["Kolkata", "Howrah", "Durgapur", "Asansol", "Siliguri"],
    "Andaman and Nicobar Islands": ["Port Blair"],
    "Chandigarh": ["Chandigarh"],
    "Dadra and Nagar Haveli and Daman and Diu": ["Daman", "Diu", "Silvassa"],
    "Delhi": ["New Delhi", "Delhi"],
    "Jammu and Kashmir": ["Srinagar", "Jammu", "Anantnag", "Baramulla"],
    "Ladakh": ["Leh", "Kargil"],
    "Lakshadweep": ["Kavaratti", "Agatti", "Minicoy"],
    "Puducherry": ["Puducherry", "Oulgaret", "Karaikal", "Mahe", "Yanam"]
  },
  "United Kingdom": {
    "England": ["London", "Manchester", "Birmingham", "Liverpool", "Leeds", "Bristol"],
    "Scotland": ["Edinburgh", "Glasgow", "Aberdeen", "Dundee", "Inverness"],
    "Wales": ["Cardiff", "Swansea", "Newport", "Bangor"],
    "Northern Ireland": ["Belfast", "Derry/Londonderry", "Lisburn", "Newry"]
  },
  "Canada": {
    "Ontario": ["Toronto", "Ottawa", "Mississauga", "Brampton", "Hamilton"],
    "Quebec": ["Montreal", "Quebec City", "Laval", "Gatineau"],
    "British Columbia": ["Vancouver", "Victoria", "Surrey", "Burnaby"],
    "Alberta": ["Calgary", "Edmonton", "Red Deer", "Lethbridge"]
  },
  "Australia": {
    "New South Wales": ["Sydney", "Newcastle", "Wollongong", "Albury"],
    "Victoria": ["Melbourne", "Geelong", "Ballarat", "Bendigo"],
    "Queensland": ["Brisbane", "Gold Coast", "Cairns", "Townsville"],
    "Western Australia": ["Perth", "Fremantle", "Bunbury"]
  }
}